game_name,source_path,axis_x,axis_y,axis_z,winsor_limit_m_s2,clip_limit_m_s2,positive_clip_samples,negative_clip_samples,raw_samples,resampled_samples,raw_duration_min,resampled_duration_min,max_positive_unclipped_m_s2,max_negative_unclipped_m_s2,peak_horizontal_mag_m_s2,peak_speed_unclipped_m_s,peak_speed_clipped_m_s,mean_positive_accel_m_s2,mean_negative_accel_m_s2
Game1CalebPhone,data\processed\clean_games_caleb\Game1CalebPhone_clean.csv,-0.9974902292770664,0.06959408644443371,0.013034785335793064,8.401497049480968,2.85,1957,1878,29700,296991,49.498333333333335,49.498333333333335,4.553059446760149,-4.485077173519116,57.97053633700111,4.91744,4.91744,0.5707695003980031,-0.5907958156521571
Game2CalebPhone,data\processed\clean_games_caleb\Game2CalebPhone_clean.csv,-0.9996124030219924,0.023063030407892142,0.015592958442920676,7.0517797871660575,2.85,1145,870,20806,208051,34.675,34.675,4.6498270790744565,-3.885333734954253,27.39203178314278,4.91744,4.91744,0.5980886297817446,-0.6098863514536826
