{
  "0":{
    "file":"Game1CharlesPhone_clean.csv",
    "rotation_matrix":[
      [
        0.9717448688,
        0.0177873523,
        -0.235362529
      ],
      [
        0.0177873523,
        0.9888023914,
        0.1481669359
      ],
      [
        0.235362529,
        -0.1481669359,
        0.9605472602
      ]
    ],
    "raw_mean_before_m_s2":[
      2.1478881799,
      -1.2005282419,
      9.4694594143
    ],
    "raw_mean_after_m_s2":[
      -0.1629108173,
      0.2541808336,
      9.779274281
    ],
    "gravity_mean_before_m_s2":[
      2.3062084685,
      -1.4518192163,
      9.4119579489
    ],
    "gravity_mean_after_m_s2":[
      -9.339502652e-16,
      -0.0,
      9.7985370831
    ],
    "user_mean_before_m_s2":[
      -0.1583231281,
      0.2512739935,
      0.0575124389
    ],
    "user_mean_after_m_s2":[
      -0.1629164614,
      0.2541656182,
      -0.019250414
    ],
    "window_plot":"Game1CharlesPhone_clean_aligned_xyz_window.png"
  },
  "1":{
    "file":"Game2CharlesPhone_clean.csv",
    "rotation_matrix":[
      [
        0.9853439055,
        0.0112008874,
        -0.1702114216
      ],
      [
        0.0112008874,
        0.9914397468,
        0.130083698
      ],
      [
        0.1702114216,
        -0.130083698,
        0.9767836523
      ]
    ],
    "raw_mean_before_m_s2":[
      1.5200147294,
      -1.0390148439,
      9.6127061131
    ],
    "raw_mean_after_m_s2":[
      -0.1500930115,
      0.2373612591,
      9.7834169471
    ],
    "gravity_mean_before_m_s2":[
      1.6672316382,
      -1.2741780479,
      9.5676576422
    ],
    "gravity_mean_after_m_s2":[
      2.434869211e-16,
      0.0,
      9.7950632357
    ],
    "user_mean_before_m_s2":[
      -0.1475237767,
      0.2357438085,
      0.044689372
    ],
    "user_mean_after_m_s2":[
      -0.150327756,
      0.2378867434,
      -0.0121248101
    ],
    "window_plot":"Game2CharlesPhone_clean_aligned_xyz_window.png"
  }
}